zip_code,lon,lat,city,province
6716AE,5.6296494721913115,52.029396307483964,Ede,Guelders
5384DA,5.529272126549665,51.73177290778734,Heesch,North Brabant
7821CA,6.903362404858262,52.763734423844305,Emmen,Drenthe
5554GM,5.465588136075074,51.34062133511773,Valkenswaard,North Brabant
1911BK,4.717944074766944,52.53007475095604,Uitgeest,North Holland
9502EC,6.966199604116542,52.978821568366044,Stadskanaal,Groningen
1689AR,5.076514292778679,52.6730525005304,Zwaag,North Holland
1422AG,4.833605978365023,52.23923379465295,Uithoorn,North Holland
5232BT,5.33403177473878,51.70923046096596,'s-Hertogenbosch,North Brabant
6851DM,5.923537574464193,51.91569561767268,Huissen,Guelders
9723AX,6.594002206693716,53.216009976214416,Groningen,Groningen
1334HJ,5.282131443071196,52.39558574177158,Almere,Flevoland
7122TL,6.564456972606517,51.92815805228649,Aalten,Guelders
3151RE,4.143197523104031,51.97585753529176,Hoek van Holland,South Holland
3769EE,5.28327135534033,52.11903378686587,Soesterberg,Utrecht
3013AA,4.473378593973317,51.92498132495774,Rotterdam,South Holland
3845MC,5.6145283451189645,52.326492011827796,Harderwijk,Guelders
2671HW,4.211038169475842,52.00350362649825,Naaldwijk,South Holland
6903BB,6.074640360013507,51.94088972609194,Zevenaar,Guelders
1411AT,5.149336906799863,52.30235084476229,Naarden,North Holland
3905NA,5.561905259433574,52.04841899618584,Veenendaal,Utrecht
5145NJ,5.0482704011081605,51.693974555516974,Waalwijk,North Brabant
1951NC,4.661042116877899,52.472061645765784,Velsen-Noord,North Holland
8304BL,5.750478793865657,52.68796750377635,Emmeloord,Flevoland
5482SB,5.382311875949915,51.64310884581342,Schijndel,North Brabant
8121KD,6.111410198175253,52.33322281893725,Olst,Overijssel
8251GM,5.7205964920955,52.53225186847645,Dronten,Flevoland
7005AR,6.295212592199477,51.95525835856972,Doetinchem,Guelders
3214VB,4.252000210152774,51.820251922466795,Zuidland,South Holland
8401JG,6.044249272661848,53.00745365383578,Gorredijk,Friesland
2371EW,4.620710469130607,52.20281245648293,Roelofarendsveen,South Holland
3768EV,5.306878958712849,52.16656679877951,Soest,Utrecht
5751TV,5.802591659491706,51.45910138860634,Deurne,North Brabant
1101AK,4.937356475586158,52.30178570084542,Amsterdam,North Holland
6731SC,5.752084814438793,52.09970372941863,Otterlo,Guelders
9104BN,5.993370806194454,53.29339063095222,Damwâld,Friesland
3772GK,5.573905899656734,52.14010612102768,Barneveld,Guelders
2491BC,4.390699755132565,52.05828454349,'s-Gravenhage,South Holland
2741RA,4.65870734729659,52.025687986931594,Waddinxveen,South Holland
4815PS,4.739698459085161,51.59631879696069,Breda,North Brabant
1422DN,4.827214300861813,52.246193298052404,Uithoorn,North Holland
3762EC,5.272991792660772,52.1783467300387,Soest,Utrecht
2921LP,4.5809770034237225,51.90867298468288,Krimpen aan den IJssel,South Holland
4264AJ,5.100742703227965,51.773735019768246,Veen,North Brabant
7418BG,6.183453144751039,52.24259500374314,Deventer,Overijssel
7468DK,6.560651708011818,52.29238827628654,Enter,Overijssel
1817BA,4.743000628808434,52.64304040322464,Alkmaar,North Holland
6412ZJ,5.948506818864845,50.904217204069454,Heerlen,Limburg
4793AS,4.4732634748206985,51.639906774604974,Fijnaart,North Brabant
5283VK,5.350051801400056,51.59427949608735,Boxtel,North Brabant
2712LB,4.508551418600879,52.04790916681191,Zoetermeer,South Holland
7606HG,6.646079589285925,52.346237063084246,Almelo,Overijssel
8317AP,5.897583827874203,52.663134721728284,Kraggenburg,Flevoland
8397LB,6.04057619758672,52.843245358532315,De Blesse,Friesland
3454PE,5.0466343524632284,52.07620666426453,De Meern,Utrecht
7008AK,6.2731996187776575,51.97337774662039,Doetinchem,Guelders
4271BC,4.97216029201212,51.72453516553672,Dussen,North Brabant
6041JZ,5.9907830441658865,51.19194650316565,Roermond,Limburg
3029BL,4.43915885534221,51.90458386373911,Rotterdam,South Holland
1822BE,4.782817200117136,52.64334922613123,Alkmaar,North Holland
3433NP,5.100295397480673,52.01459414850852,Nieuwegein,Utrecht
3641RP,4.874667516875448,52.20356033281083,Mijdrecht,Utrecht
7554NG,6.762630955983852,52.241609455586996,Hengelo,Overijssel
2635CZ,4.324863276535212,51.99694278527527,Den Hoorn,South Holland
3971XA,5.2820444819577235,52.053819194980605,Driebergen-Rijsenburg,Utrecht
1053KD,4.862802787558722,52.36374019552977,Amsterdam,North Holland
2288GV,4.3363832356827805,52.01906729275454,Rijswijk,South Holland
3771MG,5.588407986430308,52.16592887656491,Barneveld,Guelders
1327AE,5.245441321027161,52.354975780734456,Almere,Flevoland
6721NG,5.6596232613901485,51.99945865264816,Bennekom,Guelders
5705DK,5.6923758737962205,51.45947389325109,Helmond,North Brabant
3446CN,4.90321167188169,52.0756977329786,Woerden,Utrecht
4209AA,4.915892977232304,51.840299526503976,Schelluinen,South Holland
3846AM,5.634381569376495,52.35565810411148,Harderwijk,Guelders
9035VR,5.633365337744257,53.196365422864076,Dronryp,Friesland
3331LG,4.625457537510326,51.82901592865577,Zwijndrecht,South Holland
2132PZ,4.6795925590635825,52.28985607534055,Hoofddorp,North Holland
1964JL,4.665123774113714,52.51268062060947,Heemskerk,North Holland
5262GJ,5.291673469141935,51.64595723017037,Vught,North Brabant
3081SL,4.490403223180132,51.8941481846195,Rotterdam,South Holland
7558BW,6.827739127469488,52.28414991021145,Hengelo,Overijssel
7641AG,6.593845282693156,52.364605537043886,Wierden,Overijssel
5165EP,4.940505857799203,51.688131277140556,Waspik,North Brabant
1446AB,4.99908145119061,52.51969428962066,Purmerend,North Holland
2841MJ,4.659201878672403,52.019985913253265,Moordrecht,South Holland
2251AA,4.44561768776592,52.120745248487175,Voorschoten,South Holland
6671MG,5.7208556973701326,51.91903457072589,Zetten,Guelders
8211AA,5.519372416324998,52.53548652578284,Lelystad,Flevoland
3812RB,5.357959313258273,52.17168665941748,Amersfoort,Utrecht
2821AZ,4.776298984299497,51.9624290844362,Stolwijk,South Holland
8445PN,5.945204023330141,52.93224362645111,Heerenveen,Friesland
8105RV,6.349081429176462,52.40528137670139,Luttenberg,Overijssel
1024JJ,4.95913762772403,52.39357724887137,Amsterdam,North Holland
1431GD,4.777205206421274,52.2586034987347,Aalsmeer,North Holland
4825BD,4.770424843249887,51.60580086126941,Breda,North Brabant
6741PW,5.60155245421045,52.084317344191064,Lunteren,Guelders
7957AT,6.29167321592335,52.67238865504664,de Wijk,Drenthe
5048AB,5.064373922113211,51.58079997091351,Tilburg,North Brabant
3067GM,4.544130267665141,51.94906497865814,Rotterdam,South Holland
5626DK,5.424098287953603,51.4832229526144,Eindhoven,North Brabant
7913TC,6.529631341040294,52.68720453722199,Hollandscheveld,Drenthe
9723CW,6.621701239129866,53.20707189507542,Groningen,Groningen
7322AJ,5.974834799488544,52.225970639862076,Apeldoorn,Guelders
7821AC,6.918723206845641,52.77277979855591,Emmen,Drenthe
2544EG,4.256122677096797,52.05247793765787,'s-Gravenhage,South Holland
9201CH,6.088527317773128,53.109134970699515,Drachten,Friesland
9263TA,5.967427036157874,53.16877138054265,Garyp,Friesland
3439JE,5.118379045097611,52.0246221337982,Nieuwegein,Utrecht
3861MA,5.47084157359937,52.23023849808186,Nijkerk,Guelders
3646AK,4.898028911838922,52.24396713512995,Waverveen,Utrecht
2405XX,4.6706974240915375,52.11693807073779,Alphen aan den Rijn,South Holland
7602PP,6.641854644356518,52.376131310912264,Almelo,Overijssel
2964LJ,4.848017175151662,51.93761491080954,Groot-Ammers,South Holland
3082XE,4.471520743559784,51.88974675999937,Rotterdam,South Holland
1424NW,4.804250903505241,52.25402849597549,De Kwakel,North Holland
3727AC,,,,
3434BJ,5.093559756594143,52.010888621099745,Nieuwegein,Utrecht
7825AR,6.944670865100569,52.744159437840246,Emmen,Drenthe
3316GN,4.639838511060382,51.778993610236576,Dordrecht,South Holland
3351XD,,,,
2871RP,4.8629155108581115,51.947902742216776,Schoonhoven,South Holland
3641SG,4.885253279644402,52.214419833724364,Mijdrecht,Utrecht
3295KH,4.615734564551379,51.78609682624802,'s-Gravendeel,South Holland
2141DA,4.701769937466536,52.37631148662882,Vijfhuizen,North Holland
5711CT,5.732719267009386,51.39000479139558,Someren,North Brabant
9753TA,6.629425528803105,53.16313869208352,Haren Gn,Groningen
6953CP,6.1099102878847855,52.04922382005087,Dieren,Guelders
7462ZA,6.497020754976913,52.30711240739683,Rijssen,Overijssel
9742TP,6.541213835391512,53.22563898984398,Groningen,Groningen
9732BC,6.624108207995556,53.23303598986582,Groningen,Groningen
2821LH,4.765590673524783,51.97385810568793,Stolwijk,South Holland
1812RK,4.750015392178413,52.61152387993024,Alkmaar,North Holland
3075DD,4.503938103206566,51.88022208686231,Rotterdam,South Holland
1506PW,4.825336295351439,52.42670579930931,Zaandam,North Holland
1446WP,5.006260947295364,52.513702683104384,Purmerend,North Holland
8606VP,5.673915547181554,53.02372691272407,Sneek,Friesland
1812RJ,4.751432394650011,52.60955934375981,Alkmaar,North Holland
3068JE,4.53103841212651,51.95482319245259,Rotterdam,South Holland
1521DA,4.806161061377028,52.487309766592965,Wormerveer,North Holland
2983CB,4.605276811008357,51.884194604300454,Ridderkerk,South Holland
9713KC,6.578929658847011,53.230359425028475,Groningen,Groningen
1216GK,5.148346425670714,52.21938245502913,Hilversum,North Holland
9861AM,6.2667620705488964,53.214400133369836,Grootegast,Groningen
2645ED,4.400400488746195,51.996620965741954,Delfgauw,South Holland
1101CL,4.949675092689693,52.30423285127626,Amsterdam,North Holland
5711CD,5.718584536277966,51.39352056117205,Someren,North Brabant
5305EE,5.1376606237643205,51.80454566046934,Zuilichem,Guelders
7327AZ,5.9852140172243935,52.192982592057774,Apeldoorn,Guelders
1817EP,4.732665643943687,52.63955474344575,Alkmaar,North Holland
2295RV,4.259999232388174,52.01481004660905,Kwintsheul,South Holland
8938AD,5.8409059444642235,53.19691782028435,Leeuwarden,Friesland
5044HR,5.036519355236611,51.57649157652912,Tilburg,North Brabant
9101PW,5.989013987437848,53.31745591309785,Dokkum,Friesland
3191AG,4.361412862823371,51.859031609149454,Hoogvliet Rotterdam,South Holland
3545NA,5.0670488135206915,52.08204343064704,Utrecht,Utrecht
4462EW,3.885394829134636,51.49558256569259,Goes,Zeeland
4191CL,5.297082604501153,51.88665247616052,Geldermalsen,Guelders
7741KS,6.728267334635518,52.658050406373725,Coevorden,Drenthe
6135KD,5.844211624506615,50.99605403899429,Sittard,Limburg
1101AW,4.9408383319481795,52.304317124862315,Amsterdam,North Holland
2381GR,4.49592581514363,52.12940712554437,Zoeterwoude,South Holland
2013HA,4.6271282822001885,52.38117143718937,Haarlem,North Holland
1851LX,4.7479270350514735,52.59121455356498,Heiloo,North Holland
9403AB,6.571145329329426,53.00454132104606,Assen,Drenthe
8028PS,6.167319147462678,52.53835571019331,Zwolle,Overijssel
2941CD,4.692712696691277,51.89870600115827,Lekkerkerk,South Holland
8501ST,5.8165503614866525,52.96304215622096,Joure,Friesland
8013PT,6.128943225256128,52.49356646593517,Zwolle,Overijssel
7101NX,6.722072866289813,51.970895298583585,Winterswijk,Guelders
5764PP,5.8193914569405925,51.55042786792384,De Rips,North Brabant
3861SP,5.4627813700842935,52.23024668596742,Nijkerk,Guelders
7312LM,5.943789331939651,52.20159292736576,Apeldoorn,Guelders
5916PN,6.1903703998841815,51.3901603012788,Venlo,Limburg
6721NB,5.650171771726539,51.99868061829191,Bennekom,Guelders
7913TL,6.537120303119109,52.67247516503464,Hollandscheveld,Drenthe
7711EP,6.238276143817403,52.58534417940055,Nieuwleusen,Overijssel
1688JH,5.036414927353652,52.6895041569098,Nibbixwoud,North Holland
6534AD,5.820254411393719,51.81832140883587,Nijmegen,Guelders
6067AB,5.937873948606161,51.14942583801495,Linne,Limburg
5347KK,5.54443495416985,51.77671665501749,Oss,North Brabant
5831TL,5.939329512942036,51.65345918744767,Boxmeer,North Brabant
6883JN,5.98899946669031,51.98450841507726,Velp,Guelders
3316LC,4.6325584579730235,51.767653638727154,Dordrecht,South Holland
1704RA,4.825699608392542,52.67235731757922,Heerhugowaard,North Holland
7544RG,6.889115186339484,52.19195523197595,Enschede,Overijssel
4061AL,5.399392646317414,51.84614324423237,Ophemert,Guelders
9951CD,6.5131217059253315,53.3313349391986,Winsum,Groningen
9132EA,6.139049124952672,53.32118970033082,Ingwierrum,Friesland
2913LZ,4.598633638283658,51.96924453893108,Nieuwerkerk aan den IJssel,South Holland
1351AG,5.225358631154333,52.3517022637454,Almere,Flevoland
4191PB,5.314881004104878,51.86387049031837,Geldermalsen,Guelders
4205MZ,4.951389738128732,51.8434059210071,Gorinchem,South Holland
8075BJ,5.7906252169167916,52.2929370658193,Elspeet,Guelders
6718XJ,5.598834101214859,52.03404439580166,Ede,Guelders
7325XZ,6.014768076605601,52.22629858128542,Apeldoorn,Guelders
6825DL,5.965091392265673,51.98278556582938,Arnhem,Guelders
3261LJ,4.413631358303304,51.80859155967288,Oud-Beijerland,South Holland
2253BE,4.452829827180126,52.13359734025456,Voorschoten,South Holland
2923TM,4.615803961717605,51.913288308427994,Krimpen aan den IJssel,South Holland
4944VX,4.903619088205831,51.691325470742925,Raamsdonk,North Brabant
2036RD,4.653376823256074,52.3525701135769,Haarlem,North Holland
2352CZ,4.521258241062702,52.16344472132742,Leiderdorp,South Holland
4704SB,4.461998308081795,51.55884592227925,Roosendaal,North Brabant
3833BP,5.41816426873116,52.12198776411349,Leusden,Utrecht
4266EK,5.049581169934943,51.730884624132734,Eethen,North Brabant
2201TS,4.441718159839957,52.20969797067636,Noordwijk,South Holland
4031JE,5.486284829288881,51.95438519431931,Ingen,Guelders
8304AP,5.750219647259455,52.691289078842296,Emmeloord,Flevoland
9351NP,6.366586920222987,53.15197553054272,Leek,Groningen
1964LJ,4.655814151732066,52.50533373933956,Heemskerk,North Holland
5015AS,5.107329215781554,51.56825242607321,Tilburg,North Brabant
1101GG,4.933868492372438,52.30665132260891,Amsterdam,North Holland
7468AB,6.567907356096755,52.29290100751195,Enter,Overijssel
7061DM,6.370818291345136,51.91872962444149,Terborg,Guelders
7606AN,6.656957815672703,52.343060091350445,Almelo,Overijssel
7447JK,6.44933263402344,52.38397778172502,Hellendoorn,Overijssel
5803AN,5.990709621653524,51.53958696626328,Venray,Limburg
2984AA,4.608327245010092,51.87186187570732,Ridderkerk,South Holland
4879NL,4.624502121651346,51.55701807285895,Etten-Leur,North Brabant
7532SW,6.942041802834662,52.22394312179266,Enschede,Overijssel
1131DH,5.077301990404663,52.50139950043012,Volendam,North Holland
3433PG,5.106999019483794,52.01686235193584,Nieuwegein,Utrecht
3771SJ,5.64109813318473,52.13276183860492,Barneveld,Guelders
4705RS,4.499653473201898,51.543926056135,Roosendaal,North Brabant
5121DB,4.945711056995119,51.578208164524554,Rijen,North Brabant
3903LM,5.568627935816479,52.006309209791475,Veenendaal,Utrecht
5251CG,5.211000378752604,51.69535376103149,Vlijmen,North Brabant
8071GD,5.762760372415464,52.37356125824017,Nunspeet,Guelders
2251LP,4.466622936952815,52.1340010278974,Voorschoten,South Holland
3785LC,5.50016572922889,52.17881445118557,Zwartebroek,Guelders
5165NR,4.941815678676405,51.694916830439986,Waspik,North Brabant
1689AD,5.0641088365498765,52.66075081565292,Zwaag,North Holland
2314AN,4.522237352497969,52.1499213916726,Leiden,South Holland
1969LB,4.655190271542243,52.503867598205844,Heemskerk,North Holland
7324AA,5.984601003460625,52.237128522820015,Apeldoorn,Guelders
2671DB,4.2114351561574725,52.00374582339476,Naaldwijk,South Holland
5234GG,5.287257676122519,51.72457993137245,'s-Hertogenbosch,North Brabant
6042EN,6.011393283929761,51.20143922194081,Roermond,Limburg
3931EX,5.456122159850568,52.08070010804173,Woudenberg,Utrecht
2254AG,4.43286574729881,52.12963629164428,Voorschoten,South Holland
2964BK,4.861026842987611,51.92540987982207,Groot-Ammers,South Holland
2675BC,4.219442652535497,52.009196350199375,Honselersdijk,South Holland
7483PH,6.742895645977024,52.170564590583496,Haaksbergen,Overijssel
5613LE,5.497326681952141,51.43546993781301,Eindhoven,North Brabant
1506SZ,4.825657955802429,52.422253985089846,Zaandam,North Holland
8445PE,5.938372207750997,52.93328724465174,Heerenveen,Friesland
8253RD,5.710212145138555,52.538324595000795,Dronten,Flevoland
8312RA,5.615085022880953,52.7694870380026,Creil,Flevoland
1404EG,5.160841955214959,52.278100633886304,Bussum,North Holland
4901BR,4.852662425504432,51.649364164719486,Oosterhout,North Brabant
1446VR,4.995943302369169,52.51422768534618,Purmerend,North Holland
3812SZ,5.3525474614491975,52.165398794648,Amersfoort,Utrecht
5628BS,5.458808076054962,51.48131830198468,Eindhoven,North Brabant
4905AA,4.849942301498321,51.651773323392625,Oosterhout,North Brabant
8252JP,5.698291320745602,52.516439368093415,Dronten,Flevoland
5341AC,5.516071821766857,51.77149951526723,Oss,North Brabant
6826TN,5.95840953238149,51.976578401052755,Arnhem,Guelders
4264AZ,5.099438330678893,51.77533530579952,Veen,North Brabant
3237ME,4.189375592087249,51.89341132190649,Vierpolders,South Holland
7324AB,5.9853543319803055,52.23800245117054,Apeldoorn,Guelders
7421ZN,6.214893103295598,52.24090319707201,Deventer,Overijssel
8166AE,5.975668752538866,52.31589157828166,Emst,Guelders
4941VN,4.8758204657101505,51.71361072193269,Raamsdonksveer,North Brabant
4337RD,3.629078292577815,51.48229560079169,Middelburg,Zeeland
3707AA,5.242518657825222,52.09319146191773,Zeist,Utrecht
7361CL,5.961598667586709,52.168287784397634,Beekbergen,Guelders
2491AP,4.393021358038445,52.07108954517449,'s-Gravenhage,South Holland
5482VR,5.464713152500287,51.61194279166212,Schijndel,North Brabant
2741PJ,4.6561313242481415,52.02604467150672,Waddinxveen,South Holland
9932BD,6.884404379614133,53.32219418217193,Delfzijl,Groningen
1814MB,4.7423575630129085,52.61713069171075,Alkmaar,North Holland
5928RV,6.152659175585698,51.37829687610773,Venlo,Limburg
3316BE,4.648016355626649,51.79205203482936,Dordrecht,South Holland
1046CJ,4.799541009983715,52.39052678707468,Amsterdam,North Holland
5013BW,5.095118565635471,51.57365626862979,Tilburg,North Brabant
1327GA,5.259233083927022,52.35827505983591,Almere,Flevoland
2802AL,4.695672759058278,52.01325101634204,Gouda,South Holland
4462GP,3.87514052437351,51.48792390908256,Goes,Zeeland
4861BW,4.871055538390034,51.50270853769373,Chaam,North Brabant
7615NA,6.72489770298509,52.38539303822746,Harbrinkhoek,Overijssel
4333KE,3.605374669215733,51.526881597201346,Middelburg,Zeeland
5141PB,5.04457559435812,51.68912274341452,Waalwijk,North Brabant
5411AT,5.689160438560017,51.69946235373247,Zeeland,North Brabant
1704RM,4.831776652798978,52.67771446467005,Heerhugowaard,North Holland
8013NG,6.122212203796493,52.49452696210683,Zwolle,Overijssel
8447SL,5.891606171075768,52.96460692400829,Heerenveen,Friesland
7126AA,6.619985388628502,51.940228415180314,Bredevoort,Guelders
3902HR,5.573809988312199,52.03759464232645,Veenendaal,Utrecht
4004JA,5.426943409199125,51.912095105135094,Tiel,Guelders
7008AT,6.266310741931434,51.97320643551593,Doetinchem,Guelders
3902HN,5.569513043296068,52.038220108194196,Veenendaal,Utrecht
5161CB,5.029996982874879,51.66842621732529,Sprang-Capelle,North Brabant
7933TZ,6.445143865906099,52.773797530658015,Pesse,Drenthe
7437RZ,6.289839142472692,52.253564522335985,Bathmen,Overijssel
2132VX,4.687354801398106,52.291590286467596,Hoofddorp,North Holland
4921CK,4.797976000919148,51.67406644082962,Made,North Brabant
7556BS,6.775491099636951,52.28146428121146,Hengelo,Overijssel
5258HL,5.403738033160762,51.67464246927531,Berlicum,North Brabant
7021BZ,6.351932602115544,52.000763695420666,Zelhem,Guelders
6121RX,5.814090221174528,51.051015741568875,Born,Limburg
1114AE,4.927957132207243,52.32863100053494,Amsterdam-Duivendrecht,North Holland
1216SK,5.142836161281542,52.21344232866484,Hilversum,North Holland
1746CM,4.778587787293322,52.73327063087705,Dirkshorn,North Holland
5503LV,5.417934486484098,51.41178653973366,Veldhoven,North Brabant
7261AH,6.457082931138974,52.079888894939586,Ruurlo,Guelders
1689AG,5.057990060899806,52.67044181330456,Zwaag,North Holland
7001DS,6.291798256810227,51.96709691278156,Doetinchem,Guelders
6118AP,5.850966666932085,51.03464240304197,Nieuwstadt,Limburg
3846BT,5.64000340398369,52.360931935865686,Harderwijk,Guelders
5232JL,5.325970310440814,51.70381191382642,'s-Hertogenbosch,North Brabant
6021DA,5.579983455797437,51.266548852118746,Budel,North Brabant
5012GJ,5.099358461624886,51.58394495469467,Tilburg,North Brabant
6678PJ,5.812704172925865,51.887614077812316,Oosterhout,Guelders
5281LM,5.3110156510705195,51.57278922491299,Boxtel,North Brabant
3433PV,5.09998732540907,52.01982244897998,Nieuwegein,Utrecht
2222AM,4.432499807844559,52.203279877038604,Katwijk,South Holland
2678MA,4.2235614586707975,51.970506010434484,De Lier,South Holland
2671ZP,4.211828156741498,52.0042514823119,Naaldwijk,South Holland
3401RB,5.054974966895854,52.017508826840555,IJsselstein,Utrecht
3902HS,5.577445485488743,52.035287108208834,Veenendaal,Utrecht
2809JP,4.686858816607314,52.00651774423511,Gouda,South Holland
9207GL,6.0789494591735025,53.12627509949641,Drachten,Friesland
1131HW,5.074392120287441,52.50136675379944,Volendam,North Holland
2718SX,4.501871912130853,52.0368727753889,Zoetermeer,South Holland
8938AG,5.845740696165858,53.20168162134136,Leeuwarden,Friesland
6091NG,5.823505327099415,51.24568512954852,Leveroy,Limburg
6662PE,5.864822996560435,51.9061729908497,Elst,Guelders
7071ED,6.3613615335869955,51.899368343593224,Ulft,Guelders
8601WD,5.635213488534838,53.0318369069481,Sneek,Friesland
8102HR,6.290497093508073,52.38008023880857,Raalte,Overijssel
5321JH,5.2499042042806625,51.74900807613687,Hedel,Guelders
6826TP,5.9580468444322525,51.97491988356769,Arnhem,Guelders
7603NT,6.709414417626012,52.37201559826858,Almelo,Overijssel
5628CJ,5.458110228706558,51.48192538495412,Eindhoven,North Brabant
1327GE,5.256638623271866,52.35810781916646,Almere,Flevoland
4814NN,4.751280905600797,51.58324592502595,Breda,North Brabant
9351VH,6.376086586500118,53.17944275412666,Leek,Groningen
3846AV,5.638185778341698,52.358576281639984,Harderwijk,Guelders
4462GT,3.877495382381312,51.48527060282363,Goes,Zeeland
2408ZC,4.664887307085649,52.11370801891157,Alphen aan den Rijn,South Holland
1014MS,,,,
1991JJ,4.650234907107719,52.4327763721274,Velserbroek,North Holland
7325AM,6.016957321358019,52.22119806624017,Apeldoorn,Guelders
4131NH,5.102136814710919,51.985558948681046,Vianen,Utrecht
4209AX,4.923967292023353,51.84409189051933,Schelluinen,South Holland
6534AM,5.822445776317977,51.81866193943243,Nijmegen,Guelders
8448CE,5.932994292038889,52.97043364250013,Heerenveen,Friesland
5061JX,5.18511451971016,51.586816853896956,Oisterwijk,North Brabant
4905BJ,4.850149101666664,51.648601194836765,Oosterhout,North Brabant
3404LK,5.042482193151816,52.00630411442535,IJsselstein,Utrecht
3712DE,5.259123588272005,52.108433028487106,Huis ter Heide,Utrecht
3335LH,4.612205337300377,51.82469704132571,Zwijndrecht,South Holland
9791DA,6.705432671579205,53.27851670194994,Ten Boer,Groningen
7825XE,6.918092122506263,52.762792408551,Emmen,Drenthe
3721TK,5.176503390515736,52.118139176590404,Bilthoven,Utrecht
7556BX,6.779033305641832,52.27980851780369,Hengelo,Overijssel
9672BJ,7.050811873376253,53.14627015199459,Winschoten,Groningen
7102JM,6.699849946932998,51.96429725477888,Winterswijk,Guelders
8239DD,5.488816774222493,52.480990977584675,Lelystad,Flevoland
1627LD,5.094137390396258,52.64292137034679,Hoorn,North Holland
9403AP,6.578686705594208,53.004992893242616,Assen,Drenthe
3443TJ,4.873984043010287,52.08766622726818,Woerden,Utrecht
2661JK,4.5361723449293825,51.97307588702677,Bergschenhoek,South Holland
6021JM,5.564493332601084,51.27028258490222,Budel,North Brabant
1021KB,4.928221984561384,52.38399479228979,Amsterdam,North Holland
5831AL,5.935390255015909,51.64184844883101,Boxmeer,North Brabant
1689AH,5.064344728357074,52.666594235584384,Zwaag,North Holland
6412ZL,5.945577110145745,50.904544321977426,Heerlen,Limburg
3449JA,4.861928104917273,52.084926726456715,Woerden,Utrecht
2984BL,4.620011216244045,51.87600493340418,Ridderkerk,South Holland
9206BA,6.077103203485579,53.11964407559329,Drachten,Friesland
2802AK,4.695120095457771,52.01255813585748,Gouda,South Holland
8121EV,6.114166038425837,52.347271120855446,Olst,Overijssel
5405BE,5.656338308188633,51.65428317794389,Uden,North Brabant
8304BA,5.757963278408898,52.696503989251205,Emmeloord,Flevoland
7007CD,6.278652254470902,51.945365103861555,Doetinchem,Guelders
4061RP,5.379137743279138,51.84619023374273,Ophemert,Guelders
6716BJ,5.61916684145925,52.03616879946532,Ede,Guelders
3542DJ,5.044523392836427,52.12144829434741,Utrecht,Utrecht
8723EA,5.452348273421692,52.9151250990628,Koudum,Friesland
4879NC,4.613487654477111,51.56028217272414,Etten-Leur,North Brabant
1701BZ,4.837724097481488,52.67559181223646,Heerhugowaard,North Holland
6003DH,5.722979040477549,51.26994523181596,Weert,Limburg
6831AJ,5.884934687608465,51.95322740945971,Arnhem,Guelders
1724BE,4.778422915785828,52.70450491481691,Oudkarspel,North Holland
4741RL,4.586963259934074,51.593726955290684,Hoeven,North Brabant
9231DX,6.1798564761509,53.1730837145718,Surhuisterveen,Friesland
8024AB,6.11960245616118,52.52462254007614,Zwolle,Overijssel
9482WE,6.602236125579189,53.083694822713,Tynaarlo,Drenthe
4797SG,4.4344026889075145,51.67591890469237,Willemstad,North Brabant
9321AJ,6.488599724005305,53.15007069835488,Peize,Drenthe
8862TR,5.428340297446822,53.166756133459046,Harlingen,Friesland
4004JM,5.4313898211295015,51.90677041729029,Tiel,Guelders
9351PA,6.3770830884645475,53.166844595559226,Leek,Groningen
6617KR,5.655257335487652,51.85341276686037,Bergharen,Guelders
1521AZ,4.809311020173786,52.484249762168446,Wormerveer,North Holland
3709JH,5.2575959366235745,52.06617494644536,Zeist,Utrecht
1704RE,4.829168317253127,52.68241629198004,Heerhugowaard,North Holland
2831BR,4.694383100930441,51.99587616771505,Gouderak,South Holland
7324AZ,5.979037756394701,52.23747597213053,Apeldoorn,Guelders
8081HJ,5.831577539662433,52.45673218798707,Elburg,Guelders
4104BD,5.207293550592339,51.94101917349516,Culemborg,Guelders
1812RS,4.739944811947063,52.60864729052849,Alkmaar,North Holland
7071EC,6.359449337374976,51.90323897324008,Ulft,Guelders
6462HA,6.063836923957566,50.85901643808406,Kerkrade,Limburg
2821NB,4.755707385432693,51.98389694319233,Stolwijk,South Holland
3824MP,5.38953708176837,52.19565526766167,Amersfoort,Utrecht
6049CP,5.960658091507424,51.16915915326548,Herten,Limburg
3481MD,4.944762779018182,52.09876955985301,Harmelen,Utrecht
1411AW,5.1499232985636185,52.30158474477848,Naarden,North Holland
2497GM,4.361341746449045,52.04184491705831,'s-Gravenhage,South Holland
5463XG,5.555500072718348,51.61504592042102,Veghel,North Brabant
6086AB,5.989550901251097,51.26512982424383,Neer,Limburg
8152BN,6.3341905020166225,52.43986340354107,Lemelerveld,Overijssel
3543AA,5.033518932319686,52.11440023759793,Utrecht,Utrecht
1521NC,4.777170338948066,52.503675656490074,Wormerveer,North Holland
8091VJ,5.99806980362069,52.463318182646205,Wezep,Guelders
4571LS,3.9100227787662827,51.27320216055875,Axel,Zeeland
7831HS,7.006510895141316,52.86753123055367,Nieuw-Weerdinge,Drenthe
3543AC,5.0396352078413695,52.11403855708475,Utrecht,Utrecht
7577AN,6.926250137257045,52.321887426875094,Oldenzaal,Overijssel
2865AB,4.8088628743705915,51.93124742518626,Ammerstol,South Holland
8024AL,6.122903383576676,52.52450913177969,Zwolle,Overijssel
4825BA,4.773801828915497,51.602071608497724,Breda,North Brabant
5061KM,5.191973627356673,51.58616866084388,Oisterwijk,North Brabant
7701AK,6.461552593254687,52.60624634941294,Dedemsvaart,Overijssel
6825MB,5.965092083009402,51.97548774414518,Arnhem,Guelders
3991CP,5.156752914100598,52.01998576655517,Houten,Utrecht
9291MA,6.154071041031166,53.28164890203782,Kollum,Friesland
2988CP,4.553520311953743,51.871199902669325,Ridderkerk,South Holland
5101AA,4.934612616897187,51.62545156602746,Dongen,North Brabant
2491BA,4.389294127989296,52.06915366160127,'s-Gravenhage,South Holland
8801BV,5.552573790750797,53.18757078687152,Franeker,Friesland
3421TX,4.866005703251662,52.0340930504445,Oudewater,Utrecht
6681CW,5.908873328094774,51.896624282362694,Bemmel,Guelders
8024PC,6.137062748400461,52.51506326034052,Zwolle,Overijssel
7876AW,6.977461300851013,52.8883260841998,Valthermond,Drenthe
6325AE,5.778331938338083,50.85990370762147,Berg en Terblijt,Limburg
5469NM,5.625223839281442,51.59041200826827,Erp,North Brabant
3626AA,4.987206858167843,52.18898184925652,Nieuwer Ter Aa,Utrecht
7943PH,6.201385117565721,52.696272433638306,Meppel,Drenthe
4264KH,5.089008513992846,51.77209303854326,Veen,North Brabant
5741TT,5.627294779444594,51.548737318592025,Beek en Donk,North Brabant
7006RW,6.256016123659523,51.971843426621774,Doetinchem,Guelders
5061CC,5.17262446619506,51.576538512396006,Oisterwijk,North Brabant
7333PB,5.978317203081518,52.17735995777993,Apeldoorn,Guelders
1901NM,4.65400551292105,52.533661058447294,Castricum,North Holland
6713GM,5.653365319762544,52.039167934746025,Ede,Guelders
6101WR,5.892073597397446,51.12405424533301,Echt,Limburg
5421VZ,5.696331129854605,51.54832312453479,Gemert,North Brabant
7604PJ,6.618633411132307,52.3609506131691,Almelo,Overijssel
8433HT,6.327486145586853,53.07096309241595,Haulerwijk,Friesland
7437BE,6.280750591798894,52.23672481640283,Bathmen,Overijssel
3902HP,5.576947725124779,52.03678772935801,Veenendaal,Utrecht
5928NZ,6.157742503461836,51.376926742842116,Venlo,Limburg
5741SX,5.629690453828176,51.54163012811308,Beek en Donk,North Brabant
7483PE,6.7413049872155675,52.17597792996637,Haaksbergen,Overijssel
1446AP,5.011687923332241,52.51521854638813,Purmerend,North Holland
8072PD,5.811168098903541,52.388796310996014,Nunspeet,Guelders
2993LK,4.512678135578435,51.852339011085405,Barendrecht,South Holland
3421GV,4.891297491026398,52.021229078989585,Oudewater,Utrecht
5694AR,5.509046811534165,51.51593906039114,Son en Breugel,North Brabant
2722NK,4.512295584385836,52.05298579498094,Zoetermeer,South Holland
5692CA,5.491348270066938,51.50355524683451,Son en Breugel,North Brabant
3911TK,5.532150528895646,51.975934289610684,Rhenen,Utrecht
3958CM,5.453499574438879,52.00166103896017,Amerongen,Utrecht
7442DA,6.50599798507068,52.357377267754636,Nijverdal,Overijssel
2415BG,4.820657696985059,52.08017464541799,Nieuwerbrug aan den Rijn,South Holland
8263AJ,5.89034690958344,52.56182221162659,Kampen,Overijssel
1101AR,4.937424550107969,52.30579667831502,Amsterdam,North Holland
8253PK,5.706291664638689,52.540869230496725,Dronten,Flevoland
3641PR,4.849626130834878,52.19530684985191,Mijdrecht,Utrecht
2665LB,4.540897191948865,52.032088876668425,Bleiswijk,South Holland
7773NJ,6.591980171585192,52.57722615300052,Hardenberg,Overijssel
7691CK,6.6253434723088676,52.527528391661534,Bergentheim,Overijssel
9723HM,6.607931983934572,53.222121625448835,Groningen,Groningen
5731HR,5.621238244099464,51.44738808226747,Mierlo,North Brabant
3133EP,4.332776493952359,51.906495511381436,Vlaardingen,South Holland
5688HW,5.302636200622881,51.49292688104468,Oirschot,North Brabant
1045AL,4.802080745631241,52.40709147763448,Amsterdam,North Holland
8605CH,5.672137243991032,53.03853568340707,Sneek,Friesland
4762AS,4.621452053456862,51.644930997897404,Zevenbergen,North Brabant
9411VR,6.494480260632948,52.862344398257,Beilen,Drenthe
7207BL,6.222165666859777,52.11773715105762,Zutphen,Guelders
3144AB,4.242316454087728,51.92720578225286,Maassluis,South Holland
8912AS,5.764636706220657,53.191755005500426,Leeuwarden,Friesland
2725BL,4.49836993977872,52.07154667072068,Zoetermeer,South Holland
1317AB,5.231623599720183,52.38739794790055,Almere,Flevoland
7007CL,6.279963063076137,51.947569072356934,Doetinchem,Guelders
6826TS,5.953445289931503,51.97468665968787,Arnhem,Guelders
7905SE,6.5112195000059465,52.71278083535615,Hoogeveen,Drenthe
6882CV,5.9636905844617445,51.9918952371517,Velp,Guelders
4731CZ,4.554117542416756,51.59035412322176,Oudenbosch,North Brabant
2491DL,4.386899059198599,52.060566775081305,'s-Gravenhage,South Holland
7141JL,6.626608212325998,52.059022546804165,Groenlo,Guelders
4131NR,5.091084398602018,51.97746379449499,Vianen,Utrecht
1271KS,5.238752020981973,52.30039046364193,Huizen,North Holland
1689AK,5.0633178170390005,52.66982449479043,Zwaag,North Holland
7332AR,5.98142565273243,52.188356537456706,Apeldoorn,Guelders
2132XT,4.680650666782991,52.29224065521708,Hoofddorp,North Holland
3261NC,4.4186945073056565,51.812759374268886,Oud-Beijerland,South Holland
4705RN,4.496490470677255,51.54224672980901,Roosendaal,North Brabant
2952AD,4.671039847928999,51.8575803607243,Alblasserdam,South Holland
2544CW,4.256688908442316,52.05052207063515,'s-Gravenhage,South Holland
1326EV,5.247988864673475,52.37326185472963,Almere,Flevoland
4004JK,5.433701114985307,51.90339980906565,Tiel,Guelders
1825PM,4.7555819613355705,52.65665348615917,Alkmaar,North Holland
3208KB,4.302617415801237,51.85211446090146,Spijkenisse,South Holland
7322RG,5.998266935633913,52.21948771830887,Apeldoorn,Guelders
5629CH,5.459442930660585,51.491869632787584,Eindhoven,North Brabant
7545MV,6.868411776205597,52.21994045260682,Enschede,Overijssel
6191NA,5.794687270884875,50.9490770882366,Beek,Limburg
6042EZ,6.016166709997982,51.21018951665726,Roermond,Limburg
7711AL,6.283297008105939,52.58998000438306,Nieuwleusen,Overijssel
3332SK,4.655939908014042,51.82647415775891,Zwijndrecht,South Holland
1741NA,4.806515062853159,52.78264758621654,Schagen,North Holland
3992DD,5.139946218520178,52.02925006487059,Houten,Utrecht
6086AC,5.985457753946941,51.26181638478749,Neer,Limburg
3861RS,5.479934922217828,52.24132301095663,Nijkerk,Guelders
6002BL,5.687575195607605,51.257835906369145,Weert,Limburg
2391PN,4.628920408342087,52.077097527971766,Hazerswoude-Dorp,South Holland
8447GH,5.901086590795353,52.96592457745501,Heerenveen,Friesland
5811AL,6.025907585248192,51.486429101098004,Castenray,Limburg
3931EL,5.428223627134252,52.08054552709529,Woudenberg,Utrecht
6021PT,5.592170535737781,51.255837434887866,Budel,North Brabant
6741HN,5.631491813222905,52.10353626846283,Lunteren,Guelders
8162AT,5.981223945366521,52.33894776065047,Epe,Guelders
9078PT,5.688981588921164,53.3101798478206,Oudebildtzijl,Friesland
8356VS,5.951972028604182,52.720103755806164,Blokzijl,Overijssel
6902PC,6.094113239568929,51.932245911399114,Zevenaar,Guelders
8531NH,5.705762741337185,52.852613142430634,Lemmer,Friesland
6591HB,5.97285624821126,51.69029590620178,Gennep,Limburg
7384AC,6.146607771367443,52.216263356183255,Wilp,Guelders
7722RV,6.268633950326611,52.51339434001122,Dalfsen,Overijssel
5469EN,5.6128722353264004,51.59450865872586,Erp,North Brabant
8171NR,5.985949938162252,52.29392446785652,Vaassen,Guelders
7596JA,6.924899868742773,52.35615186193611,Rossum,Overijssel
4671HE,4.376118830036016,51.63378232570668,Dinteloord,North Brabant
2988BJ,4.598257087560054,51.84907665527404,Ridderkerk,South Holland
1061GP,4.842568619080157,52.38044579999831,Amsterdam,North Holland
4651RZ,4.3078941251830045,51.589019944603685,Steenbergen,North Brabant
2851LC,4.797563892764271,52.01266296896468,Haastrecht,South Holland
5473GP,5.487366556084952,51.6452901305698,Heeswijk-Dinther,North Brabant
3449HE,4.863086671847988,52.08543290004797,Woerden,Utrecht
5224BM,5.261879878299542,51.69634066603258,'s-Hertogenbosch,North Brabant
7207BH,6.217892404041658,52.11811501112706,Zutphen,Guelders
3861SH,5.46403199725767,52.22879269199583,Nijkerk,Guelders
5741TE,5.6284560026751835,51.546701373058056,Beek en Donk,North Brabant
3421TS,4.862319473900721,52.03322357530165,Oudewater,Utrecht
1851NL,4.702292789076281,52.58688236108282,Heiloo,North Holland
2913LV,4.610896629007275,51.97926570390575,Nieuwerkerk aan den IJssel,South Holland
5317JG,5.1653949289363466,51.76499206709791,Nederhemert,Guelders
2676LD,4.22088994237973,51.94286179347575,Maasdijk,South Holland
1351AL,5.226353549821974,52.350353492497625,Almere,Flevoland
2401LJ,4.649029579995523,52.15235730533402,Alphen aan den Rijn,South Holland
5491DB,5.471891273069834,51.57399386449367,Sint-Oedenrode,North Brabant
7202BS,6.198085564133373,52.152899864741975,Zutphen,Guelders
7418BJ,6.201047677305301,52.24636017704984,Deventer,Overijssel
7963RX,6.336256797081423,52.75886008013323,Ruinen,Drenthe
6226BA,5.728517548829575,50.850644093846874,Maastricht,Limburg
3421TV,4.865859865551576,52.03581759495389,Oudewater,Utrecht
9679VC,6.99547240442139,53.159198004360846,Scheemda,Groningen
3543WB,5.021238540714533,52.123218815767714,Utrecht,Utrecht
5738AK,5.570090985242706,51.541564436962574,Mariahout,North Brabant
3771MT,5.574188388434315,52.16680473861477,Barneveld,Guelders
1398EA,5.072343900323739,52.32727257934726,Muiden,North Holland
8242BA,5.460354699141306,52.5188572818383,Lelystad,Flevoland
2497GL,4.358904123271995,52.040235830787424,'s-Gravenhage,South Holland
5254JT,5.1865819110044775,51.70855678986224,Haarsteeg,North Brabant
1327EC,5.261479582463274,52.36111358382052,Almere,Flevoland
3861SJ,5.467637864118448,52.228710563451834,Nijkerk,Guelders
1991JC,4.653547729133393,52.43620992876357,Velserbroek,North Holland
5663PA,5.554361766989844,51.41308861668826,Geldrop,North Brabant
5712EX,5.695251231682974,51.34762319405718,Someren,North Brabant
1327CG,5.260256852250586,52.36108978074122,Almere,Flevoland
6471VT,6.054155928549662,50.89829345359046,Eygelshoven,Limburg
1074VM,4.905269168128571,52.35251115797376,Amsterdam,North Holland
9079KT,5.608882873496988,53.27430918084329,St.-Jacobiparochie,Friesland
8211AJ,5.524261665142781,52.54464866130524,Lelystad,Flevoland
4903SC,4.870727525552609,51.62855549464186,Oosterhout,North Brabant
7547RW,6.8305329650634805,52.2256249109404,Enschede,Overijssel
5047RG,5.0038182382308865,51.60524441185121,Tilburg,North Brabant
6603BV,5.7606180250647,51.815229847080715,Wijchen,Guelders
5324JX,5.216491963303326,51.75388673416556,Ammerzoden,Guelders
7443RM,6.470362258149069,52.378957544987806,Nijverdal,Overijssel
6666LD,5.754579142774574,51.94803671375661,Heteren,Guelders
4004JR,5.445561006937036,51.90349836224259,Tiel,Guelders
3028SB,4.418966776433225,51.91648269964591,Rotterdam,South Holland
5626AG,5.4346930688897634,51.48104842995916,Eindhoven,North Brabant
8754GP,5.412514506663527,53.053374504545424,Makkum,Friesland
2332AH,4.472464800251672,52.161769208547824,Leiden,South Holland
6713KR,5.652260436940577,52.033633699228844,Ede,Guelders
8281PC,6.002978437862888,52.597358412009136,Genemuiden,Overijssel
8084GN,5.878720380672616,52.420773203824716,'t Harde,Guelders
2771GA,4.639215251151445,52.07562429421605,Boskoop,South Holland
3526LB,5.110244677221333,52.065789016763844,Utrecht,Utrecht
2491BW,4.391911075526128,52.06668252187963,'s-Gravenhage,South Holland
6741LN,5.585391803540428,52.11531084826698,Lunteren,Guelders
9407TC,6.570298929645392,53.023909063199056,Assen,Drenthe
5422DC,5.697711738664264,51.565938104109655,Gemert,North Brabant
2517XK,4.283711824255596,52.08240276342622,'s-Gravenhage,South Holland
3911RS,5.569887670229931,51.982878997891966,Rhenen,Utrecht
1432CM,4.791426359469815,52.279978975419375,Aalsmeer,North Holland
1511DE,4.873503731453362,52.448129272176445,Oostzaan,North Holland
3313CS,4.6966775104631,51.81845434180673,Dordrecht,South Holland
9231HS,6.178725748352713,53.181085647880344,Surhuisterveen,Friesland
2521RL,4.320888390389408,52.063683616362276,'s-Gravenhage,South Holland
2685AP,4.213712510193559,52.02368918543974,Poeldijk,South Holland
5122ML,,,,
8345HJ,6.158240393641872,52.78812951810253,Kallenkote,Overijssel
4382NA,3.582252687977007,51.452283884560195,Vlissingen,Zeeland
7954GG,6.188373739718144,52.607098362287466,Rouveen,Overijssel
3291CR,4.5565712382554935,51.7520474996059,Strijen,South Holland
5381GK,5.464787099976912,51.70565122286953,Vinkel,North Brabant
6093BJ,5.893386530110212,51.24740001692184,Heythuysen,Limburg
6372AE,6.018942193689628,50.888508560359924,Landgraaf,Limburg
8251GD,5.728055795852482,52.53508356561878,Dronten,Flevoland
3641RM,4.8758207871125965,52.20625058933482,Mijdrecht,Utrecht
6067BZ,5.94232449733361,51.15405534763419,Linne,Limburg
7825AK,6.929864942610114,52.75877759391502,Emmen,Drenthe
3225LR,4.168803338112527,51.83967634198968,Hellevoetsluis,South Holland
2014SB,4.615563099001226,52.3745595093009,Haarlem,North Holland
5051DV,5.054096664971925,51.50958310486403,Goirle,North Brabant
4538AS,3.8453476408011027,51.30583884845466,Terneuzen,Zeeland
1703DA,4.818435746795781,52.66608787046615,Heerhugowaard,North Holland
4021HR,5.438642131607757,51.96352539345124,Maurik,Guelders
3761CN,5.285291297951679,52.18825506044259,Soest,Utrecht
7651KK,6.800849203836761,52.40115437459311,Tubbergen,Overijssel
2408AZ,4.627654010276898,52.126214548019,Alphen aan den Rijn,South Holland
6612AD,5.756164650707292,51.771346592452275,Nederasselt,Guelders
6953CT,6.109088203436452,52.04790491098094,Dieren,Guelders
6537AC,5.803048886243187,51.80668769523943,Nijmegen,Guelders
9206AK,6.077216770222679,53.115300425123905,Drachten,Friesland
7207BG,6.2177228917257965,52.119571552707356,Zutphen,Guelders
2691JE,4.155494612468734,52.01451525583352,'s-Gravenzande,South Holland
7943PG,6.205884650484926,52.697887473776944,Meppel,Drenthe
2625DA,4.341463842669015,51.99924197850653,Delft,South Holland
2201TX,4.440951004617085,52.20864263146533,Noordwijk,South Holland
9983RH,6.770813854549699,53.42001270650452,Roodeschool,Groningen
3816BV,5.4363629047611015,52.16658039593909,Amersfoort,Utrecht
3247CL,4.11876428233596,51.75032651448204,Dirksland,South Holland
1742PC,4.781249664130268,52.79168801758289,Schagen,North Holland
6658KP,5.531484377746558,51.87805847360926,Beneden-Leeuwen,Guelders
5349AK,5.548771292477037,51.763762081142104,Oss,North Brabant
5663PB,5.552483341866474,51.413541705352266,Geldrop,North Brabant
2153AA,4.6409475189455405,52.26130791715246,Nieuw-Vennep,North Holland
7731TG,6.4187130375170485,52.53172449018421,Ommen,Overijssel
8748BM,5.4660258562736095,53.103507942350696,Witmarsum,Friesland
5688NP,5.330162722630401,51.50506712541538,Oirschot,North Brabant
2161AH,4.55872605447824,52.266557926045465,Lisse,South Holland
6541DC,5.817514164130029,51.84037723851985,Nijmegen,Guelders
6662NG,5.8643540398339065,51.91394161000537,Elst,Guelders
7595XP,6.848466608912654,52.35607906189561,Weerselo,Overijssel
5254JN,5.19745448162985,51.70940020103769,Haarsteeg,North Brabant
4622RB,4.300698690628616,51.49852104962363,Bergen op Zoom,North Brabant
3044BA,4.424792279330969,51.92359399945809,Rotterdam,South Holland
5431NL,5.870901493680819,51.72192472846052,Cuijk,North Brabant
6343AE,5.87887606867692,50.87899475740313,Klimmen,Limburg
5405BN,5.6521144560023915,51.65444456598427,Uden,North Brabant
6042EX,6.015370087015875,51.2091884999389,Roermond,Limburg
7006RB,6.266588857647105,51.96610796574553,Doetinchem,Guelders
3067GL,4.54815882468886,51.94961020596462,Rotterdam,South Holland
1066CM,4.793510836099731,52.34116074611876,Amsterdam,North Holland
7927TC,6.48941347704942,52.67316806019927,Alteveer,Drenthe
5107RJ,4.937353799622163,51.61466244947627,Dongen,North Brabant
6716AM,5.628837892866303,52.03119225939978,Ede,Guelders
3925LW,5.502905737152657,52.077963666590726,Scherpenzeel,Guelders
6468EH,6.031439322282788,50.87048243605244,Kerkrade,Limburg
2977AG,4.888090966515435,51.90000076526487,Goudriaan,South Holland
1101GC,4.933308561846099,52.3077453027479,Amsterdam,North Holland
2627AT,4.372009982855782,51.98432699102895,Delft,South Holland
6114JN,5.841994000637996,51.07209882817682,Susteren,Limburg
3565AB,5.0888896807381485,52.12283121929471,Utrecht,Utrecht
7941LX,6.19100866269399,52.70173901092938,Meppel,Drenthe
8014WP,6.1123260999624875,52.47986008462015,Zwolle,Overijssel
5405ND,5.634882043867121,51.656100768805814,Uden,North Brabant
2382PB,4.518513403210745,52.14076193321094,Zoeterwoude,South Holland
8148RH,6.418273993589579,52.44997625823487,Lemele,Overijssel
3911AR,5.580250841911606,51.95550834867781,Rhenen,Utrecht
6883HL,5.981418512939665,51.992117859808936,Velp,Guelders
6229PB,5.713169449566108,50.82840268662379,Maastricht,Limburg
3991AP,5.169943468320816,52.021261852733566,Houten,Utrecht
7443AB,6.49088429309654,52.36350148170625,Nijverdal,Overijssel
3446CM,4.903491685740843,52.076518828338045,Woerden,Utrecht
4104AE,5.217512238432242,51.94506577429524,Culemborg,Guelders
1701BX,4.839689858454978,52.676499573531096,Heerhugowaard,North Holland
3752LM,5.3651820174862905,52.232275648576945,Bunschoten-Spakenburg,Utrecht
3208KS,4.309668428137207,51.849366762136604,Spijkenisse,South Holland
3981PE,5.211314594573373,52.063296677008665,Bunnik,Utrecht
2461EE,4.724650867502114,52.18165890418175,Ter Aar,South Holland
8152BE,6.33848822500378,52.438886198823944,Lemelerveld,Overijssel
3141XP,4.267313417657981,51.91951096537731,Maassluis,South Holland
5145NA,5.046253583815503,51.696766302841745,Waalwijk,North Brabant
6267CR,5.772048665047738,50.8292988611931,Cadier en Keer,Limburg
3891KE,5.525278248245039,52.33883449721852,Zeewolde,Flevoland
2984AZ,4.614015448898638,51.878159472643404,Ridderkerk,South Holland
6235NR,5.771609179099888,50.903054907151805,Ulestraten,Limburg
6181AE,5.771831407271632,50.94664863657069,Elsloo,Limburg
3846AS,5.639969440569294,52.35569584405851,Harderwijk,Guelders
6269BE,5.831489103726747,50.820045017332326,Margraten,Limburg
1779GC,5.007704595198132,52.93149210355646,Den Oever,North Holland
3871AL,5.471057417239723,52.17757591588838,Hoevelaken,Guelders
4879NG,4.622869429334748,51.55573075721596,Etten-Leur,North Brabant
5622EK,5.457315536438196,51.46161181647481,Eindhoven,North Brabant
5021AA,5.104311502802582,51.549564118311615,Tilburg,North Brabant
2352BB,4.520243956621875,52.16772498803855,Leiderdorp,South Holland
8028PR,6.168804265875814,52.5396262622652,Zwolle,Overijssel
2376BJ,4.610040551179274,52.198480724943174,Nieuwe Wetering,South Holland
9723HK,6.60825111116303,53.220814510493376,Groningen,Groningen
5232BD,5.337861294121799,51.70693737506255,'s-Hertogenbosch,North Brabant
4812XA,4.746386904162628,51.58211428646071,Breda,North Brabant
6902PV,6.09228561660618,51.93398196232771,Zevenaar,Guelders
3565AV,5.084477987056048,52.12763563723808,Utrecht,Utrecht
5627BS,5.440786260437477,51.47836987281878,Eindhoven,North Brabant
2671CW,4.214076941832024,51.99915615990798,Naaldwijk,South Holland
7773NE,6.595730854478855,52.577547380221716,Hardenberg,Overijssel
3208LB,4.30797101285798,51.850957055516986,Spijkenisse,South Holland
6905AD,6.0656365248300625,51.92056113528727,Zevenaar,Guelders
2987VD,4.578603491831584,51.90032755409917,Ridderkerk,South Holland
6833HK,5.9291114372374825,51.95878730057435,Arnhem,Guelders
2718NA,4.497408583194115,52.04468235733334,Zoetermeer,South Holland
6545AB,5.8023450275947175,51.84393039748053,Nijmegen,Guelders
1216TJ,5.143194279369153,52.2107928849265,Hilversum,North Holland
7821CB,6.900628474024502,52.763470332650506,Emmen,Drenthe
6101AG,5.8622153087806605,51.10740846292329,Echt,Limburg
4461ZN,3.879962393950052,51.50749257113141,Goes,Zeeland
2371CX,4.6282983387024705,52.19659098726133,Roelofarendsveen,South Holland
9061AE,5.897133580172526,53.23781701703277,Gytsjerk,Friesland
2831AA,4.67309996736955,51.98194681345604,Gouderak,South Holland
3992DJ,5.138213323991938,52.02802688081516,Houten,Utrecht
9403DL,6.577128904194336,53.026700805614475,Assen,Drenthe
3972KC,5.267007300882388,52.05718217313285,Driebergen-Rijsenburg,Utrecht
6691EL,5.941142547297929,51.8786255074145,Gendt,Guelders
1851PW,4.721340991654528,52.59295561017144,Heiloo,North Holland
5503LE,5.426300429824387,51.415993925888806,Veldhoven,North Brabant
3543MB,5.026773443923242,52.11947546401165,Utrecht,Utrecht
9231DB,6.1853055397989065,53.18186324924213,Surhuisterveen,Friesland
2871JB,4.844682352813503,51.9552382428066,Schoonhoven,South Holland
6902PT,6.081895938432262,51.93814017347697,Zevenaar,Guelders
5554PN,5.446881440115911,51.34977767634321,Valkenswaard,North Brabant
8914BG,5.76527164438843,53.20370545861275,Leeuwarden,Friesland
4651TB,4.309809928701202,51.5883746230834,Steenbergen,North Brabant
5391LP,5.446911456491918,51.7237136683418,Nuland,North Brabant
9482TB,6.596533482394217,53.080293837373354,Tynaarlo,Drenthe
2014HT,4.611172102619552,52.36419669420152,Haarlem,North Holland
5015TA,5.106024373748184,51.57868909126846,Tilburg,North Brabant
3645TA,4.921190233764899,52.19731628126231,Vinkeveen,Utrecht
3615AP,5.129834798468186,52.14930741837368,Westbroek,Utrecht
2905TX,4.602589479581473,51.94337158796639,Capelle aan den IJssel,South Holland
5652AN,5.428898828560124,51.43291243771027,Eindhoven,North Brabant
9723JA,6.620913841400415,53.210147024252265,Groningen,Groningen
5121HZ,4.914212277175439,51.594469557377,Rijen,North Brabant
4704RK,4.466945369598996,51.558084413853926,Roosendaal,North Brabant
7582AG,7.000075892915613,52.263365650033656,Losser,Overijssel
9403AJ,6.573353968400669,53.00453276625894,Assen,Drenthe
6827BX,5.950621484886553,51.9733039594247,Arnhem,Guelders
1261LS,5.266326727746372,52.28489328206635,Blaricum,North Holland
9502EX,6.977206786032392,52.98252962296935,Stadskanaal,Groningen
4564ET,4.047893328096821,51.26825598029632,Sint Jansteen,Zeeland
5688NX,5.332681725271468,51.502822595707826,Oirschot,North Brabant
1161KD,4.756793166959923,52.37000588163969,Zwanenburg,North Holland
2907KC,4.587857426600799,51.953276244661474,Capelle aan den IJssel,South Holland
1531AZ,4.797966184005181,52.494371983513375,Wormer,North Holland
3208KM,4.308149459051563,51.84866845593305,Spijkenisse,South Holland
5015TG,5.108937777484668,51.57834524464799,Tilburg,North Brabant
5109BH,4.943231729214808,51.66051454243736,'s Gravenmoer,North Brabant
9101WV,6.009284791432611,53.324076414261626,Dokkum,Friesland
3133EE,4.3309199525810085,51.90189632543731,Vlaardingen,South Holland
5301KP,5.261445548151119,51.79539408279315,Zaltbommel,Guelders
3771AH,5.599004008756702,52.137866811576046,Barneveld,Guelders
5106NE,4.966376838077399,51.64407812790032,Dongen,North Brabant
6604BP,5.750149909208896,51.81836533483647,Wijchen,Guelders
2165BA,4.574432703951985,52.25166331606058,Lisserbroek,North Holland
4204XW,4.951441517673163,51.84205086096034,Gorinchem,South Holland
3115JA,4.379127228637293,51.909563857111365,Schiedam,South Holland
9405CE,6.533182969916831,52.99579623810949,Assen,Drenthe
6026CV,5.61214736220933,51.31111269295648,Maarheeze,North Brabant
1742LD,4.813250629762252,52.7786741724731,Schagen,North Holland
1507CB,4.811027659044796,52.43085203882406,Zaandam,North Holland
6902PX,6.097882998323848,51.93097845379712,Zevenaar,Guelders
3992DB,5.140663270737306,52.030014286475826,Houten,Utrecht
7903AK,6.495026670482553,52.731263763449796,Hoogeveen,Drenthe
4815HR,4.7583303257158045,51.60028842085285,Breda,North Brabant
3161GJ,4.437098563396345,51.85821694604536,Rhoon,South Holland
1742PD,4.782295544577799,52.7919772023169,Schagen,North Holland
6669CJ,5.649810187557356,51.91470721367255,Dodewaard,Guelders
2908KD,4.5862019846978415,51.962568927734644,Capelle aan den IJssel,South Holland
1175RN,4.767618563430267,52.34793242428371,Lijnden,North Holland
7961NH,6.282436647502531,52.74010665043294,Ruinerwold,Drenthe
8152BH,6.340764674402732,52.44345272009487,Lemelerveld,Overijssel
5503LP,5.425785729809825,51.407173541747575,Veldhoven,North Brabant
3449JC,4.855966324109309,52.08495208033886,Woerden,Utrecht
8501XD,5.818753983496773,52.96501853301119,Joure,Friesland
5688DP,5.327239630782131,51.50336342551206,Oirschot,North Brabant
5521DJ,5.316268484916885,51.36801857168182,Eersel,North Brabant
5388PN,5.562933721815494,51.713101864348445,Nistelrode,North Brabant
4706PB,4.496938608846609,51.540826570291,Roosendaal,North Brabant
3319AJ,4.692205588803928,51.78591125817834,Dordrecht,South Holland
6951KN,6.104137928402401,52.058509048151926,Dieren,Guelders
5692AL,5.487143003319684,51.50004492301891,Son en Breugel,North Brabant
8081DS,5.859606009352302,52.44711861756663,Elburg,Guelders
1713GM,4.891919162174324,52.67004198997021,Obdam,North Holland
6891BG,5.963486649644444,52.000861413975905,Rozendaal,Guelders
6336AN,5.858513211144549,50.891166044298295,Hulsberg,Limburg
1442LB,4.980928637042563,52.517276838329956,Purmerend,North Holland
3454PM,5.059821567375736,52.080809921604505,De Meern,Utrecht
4879AV,4.626097559666118,51.55917525902361,Etten-Leur,North Brabant
6224LT,5.713793487574449,50.843710330719084,Maastricht,Limburg
4043KK,5.62836774288507,51.93458792648007,Opheusden,Guelders
2624BB,4.356432191563993,52.000562658144,Delft,South Holland
4854MK,4.829749098598593,51.574156866269846,Bavel,North Brabant
1817BB,4.7421407054714955,52.650546116397244,Alkmaar,North Holland
7006AH,6.286413429619084,51.96048319217589,Doetinchem,Guelders
5015BM,5.115279104380661,51.57155509575582,Tilburg,North Brabant
3817PL,5.38747871835137,52.14890147387608,Amersfoort,Utrecht
6161BZ,5.816018689498985,50.95854970060735,Geleen,Limburg
9641HL,6.881302162587816,53.100219725507344,Veendam,Groningen
8171KH,5.970449720704942,52.2843836308017,Vaassen,Guelders
1382JK,5.027046665231145,52.312070622721905,Weesp,North Holland
8531GH,5.718525277770062,52.846441972787794,Lemmer,Friesland
4004JD,5.442441157097381,51.90570845935266,Tiel,Guelders
5688HP,5.301819709214443,51.49455496549456,Oirschot,North Brabant
3067GD,4.538230268416656,51.94755589245604,Rotterdam,South Holland
3861PS,5.448239598401206,52.21207649952776,Nijkerk,Guelders
3851SE,5.6197882774826775,52.31889863690239,Ermelo,Guelders
9611TE,6.8081788037870785,53.15974280725217,Sappemeer,Groningen
4834TA,4.796781388882415,51.565265812171894,Breda,North Brabant
8141GM,6.232999574877619,52.44335853162577,Heino,Overijssel
4906BA,4.836477398437959,51.65504152473883,Oosterhout,North Brabant
4661TZ,4.289384952538749,51.54200363622671,Halsteren,North Brabant
5731JG,5.6133206981347055,51.443561644874094,Mierlo,North Brabant
8084GK,5.879204194227838,52.41674087407745,'t Harde,Guelders
3155NA,4.277994697791762,51.93499156852252,Maasland,South Holland
3704GS,5.209481102352819,52.08752758911752,Zeist,Utrecht
1422AR,4.825984659640668,52.24182123520586,Uithoorn,North Holland
2512RK,4.29929648504902,52.07109526061273,'s-Gravenhage,South Holland
3075BH,4.507212733459975,51.879780237388395,Rotterdam,South Holland
3171PG,4.399827290527845,51.853525107841385,Poortugaal,South Holland
5145NE,5.046174898309105,51.695667693556494,Waalwijk,North Brabant
3071AA,4.496391542662499,51.90724159143214,Rotterdam,South Holland
5043GZ,5.010779678360594,51.578045085305305,Tilburg,North Brabant
8938AT,5.8527810376612335,53.2013616699579,Leeuwarden,Friesland
2516BM,4.343101492370614,52.067925359796284,'s-Gravenhage,South Holland
5374EB,5.647831094711143,51.74207761791268,Schaijk,North Brabant
3812RX,5.372239975493343,52.16356805660007,Amersfoort,Utrecht
4334GE,3.5970190607923676,51.5059121010343,Middelburg,Zeeland
3086GL,4.472506143943619,51.875450043757766,Rotterdam,South Holland
2931SJ,4.592331259073798,51.90294552659466,Krimpen aan de Lek,South Holland
3927GH,5.530373151614067,52.07724844485128,Renswoude,Utrecht
7241CM,6.402569304146087,52.16404260781335,Lochem,Guelders
7324BX,6.000555925856702,52.24546433649171,Apeldoorn,Guelders
4834EA,4.80385265607707,51.57563699939648,Breda,North Brabant
7211CC,6.235411173674923,52.156569931783736,Eefde,Guelders
1432BA,4.78278244606709,52.27840161470472,Aalsmeer,North Holland
7821AP,6.9175275110376075,52.77127550016901,Emmen,Drenthe
8531WB,5.7209021075006685,52.85529894543061,Lemmer,Friesland
5928PR,6.134953066264233,51.39109212561241,Venlo,Limburg
5408RD,5.6655716121465725,51.64458094407501,Volkel,North Brabant
4905BS,4.8534767571612445,51.659269649679445,Oosterhout,North Brabant
6921RW,6.015627871434866,51.96115564490346,Duiven,Guelders
5171PN,5.0248627608242895,51.66563303993341,Kaatsheuvel,North Brabant
2921LL,4.579422533802613,51.91059105622986,Krimpen aan den IJssel,South Holland
6165TP,5.826431731253363,50.96128318015097,Geleen,Limburg
2141AN,4.67837121534715,52.352040562511895,Vijfhuizen,North Holland
4203NJ,4.958503040744655,51.832435083043514,Gorinchem,South Holland
9206AG,6.07055681555966,53.11164342947721,Drachten,Friesland
8444DC,5.957676156954616,52.93053783018255,Heerenveen,Friesland
4051CA,5.55167586328111,51.91124403979646,Ochten,Guelders
5107RH,4.936690184058051,51.61475559571086,Dongen,North Brabant
5928RA,6.162396882609035,51.37774460498967,Venlo,Limburg
5481SJ,5.449529071782002,51.60343061822533,Schijndel,North Brabant
9502EZ,6.971594944284982,52.977506296419946,Stadskanaal,Groningen
1521PW,4.790130463888725,52.502633297048256,Wormerveer,North Holland
5171PD,5.020627567549023,51.66433539482114,Kaatsheuvel,North Brabant
7944HT,6.178571713287854,52.6922447391268,Meppel,Drenthe
7121BG,6.59268393537104,51.93185643707665,Aalten,Guelders
7631AE,6.914748311204835,52.41032936020411,Ootmarsum,Overijssel
7587NJ,7.016712670398214,52.31036001701914,de Lutte,Overijssel
1187ZW,4.806160329857713,52.26335358983415,Amstelveen,North Holland
2908LC,4.583684972788449,51.95859859101974,Capelle aan den IJssel,South Holland
5035LS,4.983666970780358,51.57994002012344,Tilburg,North Brabant
3245KG,4.160226004145541,51.74940315365176,Sommelsdijk,South Holland
6702DM,5.654931187202286,51.9621255111245,Wageningen,Guelders
9981AN,6.673751140915316,53.40849095467338,Uithuizen,Groningen
7543BG,6.88344730081671,52.20615928161844,Enschede,Overijssel
8082AA,5.867885399712395,52.44073289901646,Elburg,Guelders
3606BD,5.035549376276357,52.12928509392283,Maarssen,Utrecht
7773NK,6.591729740508485,52.576275136400476,Hardenberg,Overijssel
6191NL,5.794008274636444,50.94849965888875,Beek,Limburg
6121HV,5.809158018947845,51.03402875165278,Born,Limburg
8601WT,5.626490706030046,53.031328601377716,Sneek,Friesland
5705BZ,5.679315716826252,51.46869747364781,Helmond,North Brabant
2675BX,4.223818094854568,52.00970710397603,Honselersdijk,South Holland
8085AJ,5.813179004283148,52.414156837079034,Doornspijk,Guelders
8102HM,6.282272748659208,52.37855898417345,Raalte,Overijssel
7665SE,6.766699481040134,52.37361684705357,Albergen,Overijssel
1021JN,4.923520462016733,52.38658898768225,Amsterdam,North Holland
3812PM,5.3713249607897495,52.164852340023096,Amersfoort,Utrecht
5253BK,5.181263823537659,51.68970787144395,Nieuwkuijk,North Brabant
3853JP,5.611824982947864,52.314400739551594,Ermelo,Guelders
7462XA,6.505406532915892,52.30814642139629,Rijssen,Overijssel
8024AG,6.130391579034053,52.52316783384518,Zwolle,Overijssel
8161VP,5.988273233456053,52.34342248860074,Epe,Guelders
7481KX,6.728169517536452,52.15260207639419,Haaksbergen,Overijssel
2371EX,4.623505641986967,52.203887911736544,Roelofarendsveen,South Holland
9288XJ,6.109117722024047,53.219498446735244,Kootstertille,Friesland
5504KS,5.397959665622639,51.399450141132,Veldhoven,North Brabant
5015TC,5.107568325826637,51.578619079443186,Tilburg,North Brabant
6231BH,5.7354475534125084,50.87562847927876,Meerssen,Limburg
1972XG,4.605612325043816,52.46011403237353,IJmuiden,North Holland
2408AM,4.644466917483332,52.12859725741733,Alphen aan den Rijn,South Holland
3931MS,5.44673044327593,52.08376852078806,Woudenberg,Utrecht
6544ZS,5.817488631596165,51.83098370984943,Nijmegen,Guelders
2685LR,4.207921952387415,52.02014481767505,Poeldijk,South Holland
8096CE,5.902378188524966,52.449449960846955,Oldebroek,Guelders
6003DB,5.727032030998057,51.269006180682936,Weert,Limburg
3401MZ,5.063164781979026,52.01132866236387,IJsselstein,Utrecht
3861KG,5.486476895141861,52.22839313007136,Nijkerk,Guelders
5384TA,5.50874407192803,51.72491131552224,Heesch,North Brabant
1185ZT,4.8345761188513965,52.280231765385565,Amstelveen,North Holland
7102JD,6.713618307765174,51.961123613267134,Winterswijk,Guelders
2171DX,4.512555379234409,52.21748896024854,Sassenheim,South Holland
6414ES,5.971322779048284,50.92389236791602,Heerlen,Limburg
3781AP,5.600703998876085,52.18084119074466,Voorthuizen,Guelders
2911BJ,4.62513626502903,51.964624801193004,Nieuwerkerk aan den IJssel,South Holland
8501XN,5.824362742086047,52.963084449291934,Joure,Friesland
2761JP,4.589676896005777,52.00858058769066,Zevenhuizen,South Holland
7949AK,6.271638288565336,52.6866370751015,Rogat,Drenthe
9482WP,6.5967400550994375,53.08736214799159,Tynaarlo,Drenthe
5421GK,5.697281202047668,51.55223764318331,Gemert,North Brabant
3606AK,5.038275443649298,52.12643522398652,Maarssen,Utrecht
7825VZ,6.938473290412159,52.74892953576574,Emmen,Drenthe
4105TL,5.201709620484413,51.948521265531284,Culemborg,Guelders
8304BP,5.740642917381213,52.68543746174198,Emmeloord,Flevoland
3945LE,5.29601670118374,51.98231423730213,Cothen,Utrecht
6718WX,5.615869619825183,52.04369061559405,Ede,Guelders
6271EC,5.881364188561136,50.81279489197729,Gulpen,Limburg
4538AN,3.8385831371376447,51.31426612643136,Terneuzen,Zeeland
4389WB,3.6075817980366716,51.45918341631178,Ritthem,Zeeland
6468EK,6.034181704413572,50.87121137787976,Kerkrade,Limburg
4401NL,4.049115589170415,51.4838640867291,Yerseke,Zeeland
4462HJ,3.893259451767737,51.483560067782975,Goes,Zeeland
8501XL,5.8236248606863885,52.96259415333074,Joure,Friesland
5674TE,5.561120893235005,51.447122622863134,Nuenen,North Brabant
1333HB,5.263086562763322,52.40043084519817,Almere,Flevoland
3364DK,4.798654660159551,51.82654843261223,Sliedrecht,South Holland
5481EE,5.412913700603487,51.63231294188972,Schijndel,North Brabant
4191MV,5.302953639928734,51.87445184017462,Geldermalsen,Guelders
8401DT,6.068882334369966,53.01244307776744,Gorredijk,Friesland
5928NJ,6.147132237855514,51.38078800701302,Venlo,Limburg
3911TG,5.534307194259643,51.97109077082808,Rhenen,Utrecht
8647SG,5.716474006821812,53.06417217455741,Sibrandabuorren,Friesland
2861GZ,4.792826547117097,51.92796744324854,Bergambacht,South Holland
4751XC,4.464431263522862,51.565745365367086,Oud Gastel,North Brabant
7679VJ,6.717862365405029,52.46529321237257,Langeveen,Overijssel
3044EC,4.414262363039107,51.92543722171242,Rotterdam,South Holland
5046LV,5.069970769613927,51.572489181432275,Tilburg,North Brabant
9865VC,6.183219035456283,53.172659330022725,Opende,Groningen
4921BN,4.794979915665842,51.67784625565057,Made,North Brabant
3641SL,4.885466445143795,52.2093852400258,Mijdrecht,Utrecht
1424NV,4.80044940081759,52.24928430582138,De Kwakel,North Holland
6604BS,5.758840849311085,51.819557147232274,Wijchen,Guelders
5571SG,5.337862483748699,51.31459008628466,Bergeijk,North Brabant
9285KK,6.1562337985422895,53.243738987059594,Buitenpost,Friesland
3261NA,4.416552055160902,51.814851452771904,Oud-Beijerland,South Holland
3862PL,5.559960078676678,52.195176667092454,Nijkerk,Guelders
2959CN,4.7472319423173275,51.90102928447618,Streefkerk,South Holland
3034KE,4.495929285489784,51.94200819283423,Rotterdam,South Holland
1969LE,4.652243949248924,52.51322809224823,Heemskerk,North Holland
7595KA,6.856636716359341,52.34607844032603,Weerselo,Overijssel
5706LT,5.627871283804608,51.457344001097766,Helmond,North Brabant
4826JV,4.787771750071352,51.60879406105225,Breda,North Brabant
7006RA,6.26335942402389,51.96950973567389,Doetinchem,Guelders
5349AJ,5.546687415457672,51.76182993578412,Oss,North Brabant
2181GD,4.586302266128381,52.305947862225615,Hillegom,South Holland
3927AV,5.531695609729912,52.07587065402363,Renswoude,Utrecht
9723HA,6.6110947262418405,53.22077551258334,Groningen,Groningen
8938BC,5.846071659190824,53.191891376546536,Leeuwarden,Friesland
9601LW,6.730850359071423,53.165200115692045,Hoogezand,Groningen
9301NZ,6.437835339227382,53.144811231344185,Roden,Drenthe
3903LA,5.571780736620899,52.01089647324863,Veenendaal,Utrecht
4462HE,3.8884064265199547,51.48515700822882,Goes,Zeeland
3411NX,4.9693321985372485,51.988677966645376,Lopik,Utrecht
5015BB,5.111950961781047,51.56899889289933,Tilburg,North Brabant
7921VM,6.425822829213684,52.67652346435132,Zuidwolde,Drenthe
3421GJ,4.866411530361189,52.02167678927928,Oudewater,Utrecht
1689ZX,5.08075410350097,52.68237850192754,Zwaag,North Holland
6666LP,5.757910885521936,51.9499382856294,Heteren,Guelders
5758RH,5.8723532850992175,51.36493381028935,Neerkant,North Brabant
2984AX,4.613211275235418,51.87804624823199,Ridderkerk,South Holland
7207BP,6.219690981608343,52.11325259289305,Zutphen,Guelders
6716AB,5.646273580520277,52.02859560824498,Ede,Guelders
1601MJ,5.269354423947962,52.695209900251015,Enkhuizen,North Holland
2152CX,4.627315088553648,52.271144304678714,Nieuw-Vennep,North Holland
2642AP,4.4480752225375815,52.02839579889181,Pijnacker,South Holland
2253JN,4.466054792808679,52.140371776454046,Voorschoten,South Holland
5021LJ,5.0939994310020715,51.545406160090536,Tilburg,North Brabant
9454PK,6.60415998978479,52.95245351847713,Ekehaar,Drenthe
2408BZ,4.631988708344175,52.12767588988005,Alphen aan den Rijn,South Holland
6367AZ,5.924729566832677,50.87457081821429,Voerendaal,Limburg
7461JL,6.504846988674951,52.32298452249239,Rijssen,Overijssel
2741PH,,,,
6673DK,,,,
3262HN,,,,
5768BG,,,,
3831RB,,,,
1185ZK,,,,
9723HG,,,,
2516BA,,,,
7556BR,,,,
7364BT,,,,
4104AP,,,,
1332BG,,,,
5657ES,,,,
7903BM,,,,
4176BK,,,,
8253PA,,,,
9723BK,,,,
1906BG,,,,
5692AK,,,,
5991NB,,,,
3771AB,,,,
1402GP,,,,
4021EB,,,,
3951LB,,,,
3151ZC,,,,
9231DV,,,,
8263AM,,,,
1704SE,,,,
3606AH,,,,
7961AA,,,,
1607ML,,,,
3781KK,,,,
7622CW,,,,
7461JM,,,,
8431HL,,,,
7892AB,,,,
2461LZ,,,,
2625GH,,,,
1351AE,,,,
5951DR,,,,
4482KC,,,,
7731RZ,,,,
3316GL,,,,
3077CJ,,,,
5541SJ,,,,
1333DE,,,,
8443DL,,,,
2952AX,,,,
1461BE,,,,
3812RR,,,,
3911AS,,,,
8831ZM,,,,
4851SW,,,,
5554AD,,,,
7813DP,,,,
2013PZ,,,,
1328AA,,,,
4625BN,,,,
6543NK,,,,
3079DB,,,,
3261LP,,,,
2404HC,,,,
2182DZ,,,,
2821AW,,,,
5503CX,,,,
2161HM,,,,
3731AL,,,,
5398JM,,,,
9301ZW,,,,
5253CA,,,,
5438AB,,,,
7207BJ,,,,
7913TN,,,,
8629EG,,,,
4112HG,,,,
7317AW,,,,
7151JE,,,,
9503EX,,,,
8601WG,,,,
3812TE,,,,
4825BC,,,,
8711HP,,,,
4157JA,,,,
4876NC,,,,
6733AX,,,,
3771AG,,,,
7314EZ,,,,
1066MB,,,,
5015BA,,,,
9461VC,,,,
2252VW,,,,
7942LB,,,,
5482TN,,,,
7478BB,,,,
8321WT,,,,
6004AX,,,,
4103NK,,,,
5121JC,,,,
6181AC,,,,
4538AG,,,,
2131AB,,,,
5408PL,,,,
7333NS,,,,
5348PV,,,,
5616HX,,,,
7591BT,,,,
8239DA,,,,
3274LH,,,,
6673DR,,,,
1779BJ,,,,
7582PT,,,,
5262GK,,,,
3364DJ,,,,
6035AW,,,,
2661KR,,,,
5971LX,,,,
1641LD,,,,
3044ER,,,,
2841MK,,,,
6662NE,,,,
7312KJ,,,,
5476KS,,,,
5235ED,,,,
5595XB,,,,
5091BM,,,,
2741BB,,,,
1701DA,,,,
2343LG,,,,
3247CP,,,,
2371DS,,,,
7161BM,,,,
5371MK,,,,
3852AH,,,,
2497GK,,,,
7554RN,,,,
7961AH,,,,
3262XE,,,,
8331TJ,,,,
7322AH,,,,
1851BE,,,,
2661HN,,,,
5953KT,,,,
6883DB,,,,
5502JD,,,,
6662PA,,,,
6226NC,,,,
7451PJ,,,,
7475AV,,,,
7731TD,,,,
1822BG,,,,
5721KZ,,,,
4104BC,,,,
4153XL,,,,
3849AC,,,,
2406HD,,,,
8822WD,,,,
5156CP,,,,
5051JS,,,,
3083RG,,,,
3125BK,,,,
3851EL,,,,
5953AB,,,,
7202BV,,,,
9203ZZ,,,,
1723HZ,,,,
2721KE,,,,
2572TP,,,,
7678RL,,,,
7371EP,,,,
6901NL,,,,
4661PZ,,,,
7771BD,,,,
7481EH,,,,
6301HK,,,,
6826LC,,,,
8448PK,,,,
7037DH,,,,
6031RK,,,,
1403AN,,,,
4202MS,,,,
5504EM,,,,
9241WH,,,,
1822BZ,,,,
1271EA,,,,
3741LM,,,,
6716AA,,,,
6101WT,,,,
7943PA,,,,
2394CG,,,,
4143AW,,,,
3247XX,,,,
5241LN,,,,
1314AP,,,,
4817ZL,,,,
1716KE,,,,
7642AC,,,,
2281GE,,,,
2222AG,,,,
1106VR,,,,
6902PW,,,,
4903RH,,,,
2571BS,,,,
6533HJ,,,,
9672BN,,,,
5025SZ,,,,
5591JH,,,,
1322AS,,,,
1327EA,,,,
6732EK,,,,
4033BN,,,,
3776LN,,,,
8084VK,,,,
8647SB,,,,
3927BG,,,,
5995PM,,,,
2909BS,,,,
1422TN,,,,
2964LG,,,,
4158EN,,,,
2841ML,,,,
3846CL,,,,
3646AH,,,,
5113TC,,,,
3064LA,,,,
3335LT,,,,
5405NB,,,,
3125AM,,,,
5466AB,,,,
2291AA,,,,
5527AJ,,,,
5803AP,,,,
6721WK,,,,
6831AE,,,,
6662NK,,,,
7891VE,,,,
4538BX,,,,
4921XE,,,,
6226DE,,,,
7547RD,,,,
5953NP,,,,
3225LD,,,,
7418ER,,,,
7091ZZ,,,,
1106DN,,,,
3931NJ,,,,
4624BL,,,,
4902TL,,,,
6143AT,,,,
3751JN,,,,
7671DB,,,,
4891XT,,,,
5388VM,,,,
5491KL,,,,
5831AV,,,,
3417GP,,,,
1521ND,,,,
6014CC,,,,
6241AB,,,,
3828AZ,,,,
2931EC,,,,
8131VZ,,,,
5531PH,,,,
2678LH,,,,
6031CN,,,,
6604CL,,,,
6061GB,,,,
4104BE,,,,
5469HJ,,,,
8601WR,,,,
2451CW,,,,
4538AR,,,,
8251KP,,,,
5121MN,,,,
5642JC,,,,
3032AN,,,,
3762EM,,,,
2872ZZ,,,,
3826EC,,,,
2984AW,,,,
2671SB,,,,
7523WV,,,,
8102HJ,,,,
4191MX,,,,
7951TA,,,,
2292JE,,,,
3752ZC,,,,
7871TC,,,,
3439MC,,,,
3042BG,,,,
4704RV,,,,
2831BP,,,,
9101LA,,,,
9613CB,,,,
3851ST,,,,
5502EM,,,,
8243ED,,,,
2496SR,,,,
3634AE,,,,
4421RR,,,,
8081HD,,,,
7317AT,,,,
9723AW,,,,
2923BK,,,,
5406PB,,,,
5824AE,,,,
8161PH,,,,
3602AJ,,,,
8304AW,,,,
2809RL,,,,
1566HR,,,,
2921AC,,,,
6136KT,,,,
5953JZ,,,,
1951NA,,,,
1328PC,,,,
2461GC,,,,
3284WD,,,,
7731HL,,,,
3356LD,,,,
2014KX,,,,
3121AX,,,,
8912AR,,,,
8191XN,,,,
3244BH,,,,
5384TB,,,,
3044AX,,,,
5268HS,,,,
8226JX,,,,
4247EJ,,,,
3442AC,,,,
2921LX,,,,
